porsiyon,hazirlik_suresi,pisirme_suresi,deftere_ekleme,yorum_sayisi
4-6 kişilik,50dk Hazırlık,30dk Pişirme,337bin,2653
6-8 kişilik,20dk Hazırlık,15dk Pişirme,102bin,1452
6-8 kişilik,20dk Hazırlık,15dk Pişirme,81bin,1452
1-2 kişilik,1 saat Hazırlık,20dk Pişirme,72bin,768
4-6 kişilik,10dk Hazırlık,40dk Pişirme,59bin,263
4-6 kişilik,10dk Hazırlık,40dk Pişirme,57bin,310
2-4 kişilik,10dk Hazırlık,1 saat Pişirme,48bin,266
4-6 kişilik,15dk Hazırlık,20dk Pişirme,36bin,245
4-6 kişilik,15dk Hazırlık,25dk Pişirme,34bin,268
4-6 kişilik,15dk Hazırlık,40dk Pişirme,34bin,188
4-6 kişilik,30dk Hazırlık,25dk Pişirme,33bin,186
8-10 kişilik,20dk Hazırlık,20dk Pişirme,5bin,13
4-6 kişilik,30dk Hazırlık,Pişirme yok,105,2
6-8 kişilik,30dk Hazırlık,20dk Pişirme,65,2
6-8 kişilik,15dk Hazırlık,15dk Pişirme,476,0
2-4 kişilik,10dk Hazırlık,10dk Pişirme,503,6
6-8 kişilik,30dk Hazırlık,5dk Pişirme,52,0
4-6 kişilik,15dk Hazırlık,40dk Pişirme,126,0
4-6 kişilik,15dk Hazırlık,40dk Pişirme,215,0
2-4 kişilik,15dk Hazırlık,30dk Pişirme,231,0
4-6 kişilik,10dk Hazırlık,10dk Pişirme,60,0
4-6 kişilik,50dk Hazırlık,30dk Pişirme,139,0
6-8 kişilik,30dk Hazırlık,30dk Pişirme,392bin,7432
2-4 kişilik,10dk Hazırlık,15dk Pişirme,279bin,2620
4-6 kişilik,10dk Hazırlık,1 saat Pişirme,274bin,3058
6-8 kişilik,30dk Hazırlık,20dk Pişirme,245bin,5948
6-8 kişilik,20dk Hazırlık,35dk Pişirme,243bin,1863
6-8 kişilik,30dk Hazırlık,20dk Pişirme,213bin,3205
8-10 kişilik,20dk Hazırlık,45dk Pişirme,207bin,3309
8-10 kişilik,25dk Hazırlık,20dk Pişirme,198bin,2547
6-8 kişilik,15dk Hazırlık,30dk Pişirme,192bin,1127
8-10 kişilik,15dk Hazırlık,40dk Pişirme,191bin,7084
4-6 kişilik,20dk Hazırlık,10dk Pişirme,168bin,2563
6-8 kişilik,15dk Hazırlık,15dk Pişirme,1517,2
4-6 kişilik,10dk Hazırlık,20dk Pişirme,1967,1
8-10 kişilik,30dk Hazırlık,10dk Pişirme,507,0
12-14 kişilik,10dk Hazırlık,35dk Pişirme,3bin,7
8-10 kişilik,5dk Hazırlık,35dk Pişirme,2bin,7
8-10 kişilik,20dk Hazırlık,10dk Pişirme,3bin,8
12-14 kişilik,15dk Hazırlık,30dk Pişirme,2bin,7
2-4 kişilik,5dk Hazırlık,5dk Pişirme,2bin,8
2-4 kişilik,20dk Hazırlık,40dk Pişirme,281,4
8-10 kişilik,30dk Hazırlık,15dk Pişirme,124,0
2-4 kişilik,20dk Hazırlık,5dk Pişirme,204,0
12-14 kişilik,15dk Hazırlık,15dk Pişirme,760,6
6-8 kişilik,20dk Hazırlık,30dk Pişirme,212,2
6-8 kişilik,15dk Hazırlık,15dk Pişirme,931,6
4-6 kişilik,5dk Hazırlık,5dk Pişirme,121,0
8-10 kişilik,15dk Hazırlık,10dk Pişirme,421,4
8-10 kişilik,15dk Hazırlık,10dk Pişirme,112,4
4-6 kişilik,5dk Hazırlık,10dk Pişirme,377,0
6-8 kişilik,10dk Hazırlık,35dk Pişirme,286,0
2-4 kişilik,20dk Hazırlık,10dk Pişirme,23,0
12-14 kişilik,15dk Hazırlık,25dk Pişirme,45,1
12-14 kişilik,20dk Hazırlık,40dk Pişirme,53,0
4-6 kişilik,5dk Hazırlık,35dk Pişirme,442,1
4-6 kişilik,10dk Hazırlık,30dk Pişirme,356,3
12-14 kişilik,45dk Hazırlık,20dk Pişirme,284,0
6-8 kişilik,15dk Hazırlık,15dk Pişirme,91,0
4-6 kişilik,15dk Hazırlık,30dk Pişirme,366,0
8-10 kişilik,20dk Hazırlık,5dk Pişirme,84,0
6-8 kişilik,15dk Hazırlık,1 saat Pişirme,97,3
1-2 kişilik,15dk Hazırlık,15dk Pişirme,38,1
6-8 kişilik,15dk Hazırlık,30dk Pişirme,8,0
10-12 kişilik,20dk Hazırlık,15dk Pişirme,188,0
4-6 kişilik,10dk Hazırlık,10dk Pişirme,144,0
6-8 kişilik,5dk Hazırlık,50dk Pişirme,50,0
1-2 kişilik,15dk Hazırlık,15dk Pişirme,38,1
6-8 kişilik,15dk Hazırlık,55dk Pişirme,44,0
2-4 kişilik,10dk Hazırlık,50dk Pişirme,147,0
12-14 kişilik,10dk Hazırlık,20dk Pişirme,71,0
10-12 kişilik,20dk Hazırlık,20dk Pişirme,25,0
4-6 kişilik,5dk Hazırlık,15dk Pişirme,60,2
4-6 kişilik,40dk Hazırlık,20dk Pişirme,21,1
8-10 kişilik,35dk Hazırlık,45dk Pişirme,26,0
2-4 kişilik,5dk Hazırlık,15dk Pişirme,81,0
4-6 kişilik,15dk Hazırlık,15dk Pişirme,142,0
6-8 kişilik,5dk Hazırlık,15dk Pişirme,58,0
6-8 kişilik,15dk Hazırlık,55dk Pişirme,58,0
10-12 kişilik,30dk Hazırlık,15dk Pişirme,60,0
1-2 kişilik,5dk Hazırlık,Pişirme yok,40,0
4-6 kişilik,10dk Hazırlık,35dk Pişirme,50,0
4-6 kişilik,15dk Hazırlık,1 saat Pişirme,40,2
8-10 kişilik,40dk Hazırlık,20dk Pişirme,54,2
4-6 kişilik,15dk Hazırlık,5dk Pişirme,46,0
12-14 kişilik,15dk Hazırlık,25dk Pişirme,25,0
4-6 kişilik,15dk Hazırlık,55dk Pişirme,61,0
8-10 kişilik,20dk Hazırlık,30dk Pişirme,47,0
2-4 kişilik,10dk Hazırlık,5dk Pişirme,38,0
4-6 kişilik,5dk Hazırlık,20dk Pişirme,40,0
4-6 kişilik,5dk Hazırlık,20dk Pişirme,43,0
2-4 kişilik,10dk Hazırlık,20dk Pişirme,27,0
8-10 kişilik,10dk Hazırlık,30dk Pişirme,32,0
6-8 kişilik,5dk Hazırlık,15dk Pişirme,52,0
1-2 kişilik,5dk Hazırlık,Pişirme yok,50,0
6-8 kişilik,5dk Hazırlık,30dk Pişirme,86,0
8-10 kişilik,30dk Hazırlık,15dk Pişirme,51,2
6-8 kişilik,30dk Hazırlık,30dk Pişirme,27,0
8-10 kişilik,10dk Hazırlık,30dk Pişirme,42,0
4-6 kişilik,25dk Hazırlık,10dk Pişirme,22,0
8-10 kişilik,5dk Hazırlık,5dk Pişirme,54,0
8-10 kişilik,20dk Hazırlık,Pişirme yok,33,2
4-6 kişilik,5dk Hazırlık,20dk Pişirme,34,0
6-8 kişilik,15dk Hazırlık,30dk Pişirme,30,0
6-8 kişilik,1 saat Hazırlık,20dk Pişirme,30,0
10-12 kişilik,10dk Hazırlık,3 saat Pişirme,18,0
8-10 kişilik,5dk Hazırlık,35dk Pişirme,57,2
10-12 kişilik,20dk Hazırlık,35dk Pişirme,28,0
8-10 kişilik,15dk Hazırlık,10dk Pişirme,36,0
6-8 kişilik,10dk Hazırlık,40dk Pişirme,37,3
4-6 kişilik,5dk Hazırlık,10dk Pişirme,5,0
4-6 kişilik,5dk Hazırlık,15dk Pişirme,25,0
4-6 kişilik,10dk Hazırlık,20dk Pişirme,7,0
6-8 kişilik,15dk Hazırlık,30dk Pişirme,13,0
6-8 kişilik,1 saat Hazırlık,20dk Pişirme,15,0
4-6 kişilik,20dk Hazırlık,30dk Pişirme,14,0
4-6 kişilik,5dk Hazırlık,35dk Pişirme,19,0
6-8 kişilik,30dk Hazırlık,35dk Pişirme,12,0
8-10 kişilik,5dk Hazırlık,Pişirme yok,10,0
4-6 kişilik,10dk Hazırlık,40dk Pişirme,6,0
4-6 kişilik,30dk Hazırlık,20dk Pişirme,22,0
12-14 kişilik,30dk Hazırlık,5dk Pişirme,14,0
8-10 kişilik,45dk Hazırlık,1 saat Pişirme,10,0
2-4 kişilik,15dk Hazırlık,25dk Pişirme,15,0
2-4 kişilik,5dk Hazırlık,15dk Pişirme,6,0
2-4 kişilik,30dk Hazırlık,Pişirme yok,23,0
4-6 kişilik,5dk Hazırlık,10dk Pişirme,22,0
10-12 kişilik,15dk Hazırlık,25dk Pişirme,17,0
2-4 kişilik,5dk Hazırlık,5dk Pişirme,9,2
12-14 kişilik,10dk Hazırlık,5dk Pişirme,7,0
6-8 kişilik,5dk Hazırlık,30dk Pişirme,10,0
1-2 kişilik,15dk Hazırlık,5dk Pişirme,17,0
4-6 kişilik,15dk Hazırlık,25dk Pişirme,9,0
10-12 kişilik,15dk Hazırlık,1 saat Pişirme,3,0
2-4 kişilik,15dk Hazırlık,15dk Pişirme,16,0
2-4 kişilik,15dk Hazırlık,Pişirme yok,18,0
6-8 kişilik,45dk Hazırlık,30dk Pişirme,6,0
12-14 kişilik,30dk Hazırlık,30dk Pişirme,16,0
4-6 kişilik,5dk Hazırlık,10dk Pişirme,23,0
6-8 kişilik,10dk Hazırlık,25dk Pişirme,17,0
8-10 kişilik,10dk Hazırlık,30dk Pişirme,18,0
8-10 kişilik,10dk Hazırlık,10dk Pişirme,12,0
1-2 kişilik,10dk Hazırlık,20dk Pişirme,18,0
2-4 kişilik,5dk Hazırlık,5dk Pişirme,14,0
12-14 kişilik,30dk Hazırlık,15dk Pişirme,25,0
6-8 kişilik,1 saat 30dk Hazırlık,1 saat Pişirme,15,0
8-10 kişilik,15dk Hazırlık,45dk Pişirme,13,0
2-4 kişilik,15dk Hazırlık,20dk Pişirme,12,0
6-8 kişilik,5dk Hazırlık,15dk Pişirme,25,0
6-8 kişilik,15dk Hazırlık,25dk Pişirme,28,0
6-8 kişilik,1 saat Hazırlık,15dk Pişirme,228bin,2801
4-6 kişilik,25dk Hazırlık,40dk Pişirme,153bin,711
6-8 kişilik,45dk Hazırlık,25dk Pişirme,151bin,1455
4-6 kişilik,30dk Hazırlık,15dk Pişirme,138bin,821
2-4 kişilik,30dk Hazırlık,30dk Pişirme,134bin,776
2-4 kişilik,15dk Hazırlık,25dk Pişirme,132bin,741
4-6 kişilik,25dk Hazırlık,25dk Pişirme,131bin,724
8-10 kişilik,30dk Hazırlık,35dk Pişirme,128bin,839
6-8 kişilik,30dk Hazırlık,1 saat Pişirme,122bin,626
6-8 kişilik,30dk Hazırlık,15dk Pişirme,107bin,457
4-6 kişilik,30dk Hazırlık,50dk Pişirme,105bin,645
4-6 kişilik,15dk Hazırlık,15dk Pişirme,451,2
6-8 kişilik,15dk Hazırlık,35dk Pişirme,1251,2
10-12 kişilik,30dk Hazırlık,1 saat 30dk Pişirme,534,6
4-6 kişilik,40dk Hazırlık,35dk Pişirme,272,0
4-6 kişilik,15dk Hazırlık,35dk Pişirme,200,3
4-6 kişilik,30dk Hazırlık,30dk Pişirme,466,0
4-6 kişilik,50dk Hazırlık,25dk Pişirme,237,0
6-8 kişilik,10dk Hazırlık,15dk Pişirme,272,0
2-4 kişilik,10dk Hazırlık,20dk Pişirme,149,8
6-8 kişilik,30dk Hazırlık,40dk Pişirme,246,5
4-6 kişilik,10dk Hazırlık,30dk Pişirme,57,0
1-2 kişilik,1 saat Hazırlık,20dk Pişirme,72bin,768
4-6 kişilik,30dk Hazırlık,40dk Pişirme,68bin,187
4-6 kişilik,15dk Hazırlık,45dk Pişirme,66bin,436
4-6 kişilik,30dk Hazırlık,1 saat Pişirme,64bin,179
2-4 kişilik,15dk Hazırlık,25dk Pişirme,64bin,741
4-6 kişilik,10dk Hazırlık,40dk Pişirme,59bin,263
6-8 kişilik,25dk Hazırlık,25dk Pişirme,58bin,207
4-6 kişilik,10dk Hazırlık,40dk Pişirme,57bin,310
4-6 kişilik,25dk Hazırlık,40dk Pişirme,57bin,286
2-4 kişilik,10dk Hazırlık,30dk Pişirme,57bin,247
2-4 kişilik,1 saat Hazırlık,5dk Pişirme,56bin,345
4-6 kişilik,15dk Hazırlık,30dk Pişirme,56bin,237
4-6 kişilik,20dk Hazırlık,35dk Pişirme,54bin,311
6-8 kişilik,30dk Hazırlık,50dk Pişirme,51bin,198
4-6 kişilik,20dk Hazırlık,40dk Pişirme,51bin,204
8-10 kişilik,15dk Hazırlık,30dk Pişirme,51bin,396
4-6 kişilik,10dk Hazırlık,30dk Pişirme,50bin,438
6-8 kişilik,30dk Hazırlık,20dk Pişirme,50bin,575
4-6 kişilik,30dk Hazırlık,40dk Pişirme,49bin,495
6-8 kişilik,30dk Hazırlık,20dk Pişirme,49bin,194
2-4 kişilik,10dk Hazırlık,20dk Pişirme,49bin,697
4-6 kişilik,1 saat Hazırlık,55dk Pişirme,49bin,380
4-6 kişilik,20dk Hazırlık,30dk Pişirme,47bin,137
6-8 kişilik,20dk Hazırlık,30dk Pişirme,45bin,306
4-6 kişilik,30dk Hazırlık,30dk Pişirme,43bin,405
4-6 kişilik,10dk Hazırlık,15dk Pişirme,43bin,216
4-6 kişilik,30dk Hazırlık,Pişirme yok,44bin,624
1-2 kişilik,10dk Hazırlık,30dk Pişirme,44bin,112
1-2 kişilik,10dk Hazırlık,1 saat Pişirme,42bin,224
4-6 kişilik,15dk Hazırlık,1 saat Pişirme,42bin,403
6-8 kişilik,20dk Hazırlık,30dk Pişirme,39bin,179
10-12 kişilik,15dk Hazırlık,10dk Pişirme,40bin,333
4-6 kişilik,15dk Hazırlık,15dk Pişirme,40bin,99
4-6 kişilik,25dk Hazırlık,25dk Pişirme,39bin,105
4-6 kişilik,10dk Hazırlık,1 saat Pişirme,39bin,724
4-6 kişilik,20dk Hazırlık,30dk Pişirme,38bin,157
6-8 kişilik,30dk Hazırlık,1 saat Pişirme,37bin,110
8-10 kişilik,30dk Hazırlık,30dk Pişirme,35bin,626
2-4 kişilik,30dk Hazırlık,30dk Pişirme,35bin,172
2-4 kişilik,20dk Hazırlık,20dk Pişirme,34bin,142
4-6 kişilik,30dk Hazırlık,15dk Pişirme,33bin,167
2-4 kişilik,1 saat Hazırlık,5dk Pişirme,33bin,65
4-6 kişilik,20dk Hazırlık,45dk Pişirme,31bin,143
2-4 kişilik,5dk Hazırlık,50dk Pişirme,30bin,203
6-8 kişilik,15dk Hazırlık,15dk Pişirme,30bin,242
2-4 kişilik,10dk Hazırlık,30dk Pişirme,30bin,247
4-6 kişilik,40dk Hazırlık,1 saat Pişirme,29bin,200
4-6 kişilik,30dk Hazırlık,40dk Pişirme,29bin,146
4-6 kişilik,15dk Hazırlık,1 saat 15dk Pişirme,29bin,383
4-6 kişilik,10dk Hazırlık,40dk Pişirme,28bin,168
6-8 kişilik,15dk Hazırlık,40dk Pişirme,28bin,116
4-6 kişilik,20dk Hazırlık,50dk Pişirme,27bin,118
6-8 kişilik,10dk Hazırlık,10dk Pişirme,27bin,210
6-8 kişilik,30dk Hazırlık,30dk Pişirme,27bin,133
6-8 kişilik,30dk Hazırlık,1 saat 15dk Pişirme,27bin,295
2-4 kişilik,20dk Hazırlık,20dk Pişirme,26bin,307
1-2 kişilik,15dk Hazırlık,35dk Pişirme,25bin,106
4-6 kişilik,25dk Hazırlık,1 saat 15dk Pişirme,25bin,115
4-6 kişilik,30dk Hazırlık,35dk Pişirme,25bin,157
6-8 kişilik,45dk Hazırlık,45dk Pişirme,23bin,79
4-6 kişilik,20dk Hazırlık,50dk Pişirme,23bin,118
2-4 kişilik,50dk Hazırlık,40dk Pişirme,22bin,49
2-4 kişilik,5dk Hazırlık,Pişirme yok,22bin,45
2-4 kişilik,20dk Hazırlık,30dk Pişirme,21bin,197
4-6 kişilik,25dk Hazırlık,40dk Pişirme,21bin,249
4-6 kişilik,30dk Hazırlık,40dk Pişirme,21bin,187
4-6 kişilik,20dk Hazırlık,35dk Pişirme,20bin,108
4-6 kişilik,1 saat Hazırlık,40dk Pişirme,21bin,138
4-6 kişilik,15dk Hazırlık,20dk Pişirme,20bin,114
2-4 kişilik,10dk Hazırlık,1 saat Pişirme,20bin,151
4-6 kişilik,25dk Hazırlık,25dk Pişirme,20bin,55
4-6 kişilik,30dk Hazırlık,35dk Pişirme,20bin,72
6-8 kişilik,20dk Hazırlık,25dk Pişirme,20bin,89
4-6 kişilik,5dk Hazırlık,35dk Pişirme,19bin,189
2-4 kişilik,25dk Hazırlık,25dk Pişirme,19bin,71
6-8 kişilik,25dk Hazırlık,30dk Pişirme,18bin,81
4-6 kişilik,25dk Hazırlık,35dk Pişirme,17bin,113
4-6 kişilik,20dk Hazırlık,40dk Pişirme,17bin,149
2-4 kişilik,20dk Hazırlık,30dk Pişirme,16bin,197
4-6 kişilik,5dk Hazırlık,35dk Pişirme,16bin,189
4-6 kişilik,20dk Hazırlık,45dk Pişirme,16bin,143
4-6 kişilik,35dk Hazırlık,45dk Pişirme,16bin,52
2-4 kişilik,10dk Hazırlık,Pişirme yok,16bin,69
4-6 kişilik,20dk Hazırlık,20dk Pişirme,15bin,102
4-6 kişilik,15dk Hazırlık,30dk Pişirme,15bin,42
4-6 kişilik,15dk Hazırlık,1 saat 15dk Pişirme,15bin,383
1-2 kişilik,5dk Hazırlık,Pişirme yok,14bin,45
6-8 kişilik,30dk Hazırlık,25dk Pişirme,14bin,56
2-4 kişilik,10dk Hazırlık,15dk Pişirme,14bin,162
4-6 kişilik,1 saat 30dk Hazırlık,2 saat Pişirme,13bin,55
8-10 kişilik,25dk Hazırlık,20dk Pişirme,13bin,67
4-6 kişilik,25dk Hazırlık,40dk Pişirme,13bin,286
4-6 kişilik,10dk Hazırlık,35dk Pişirme,13bin,173
6-8 kişilik,15dk Hazırlık,40dk Pişirme,13bin,93
4-6 kişilik,5dk Hazırlık,Pişirme yok,13bin,59
8-10 kişilik,20dk Hazırlık,1 saat Pişirme,13bin,33
4-6 kişilik,20dk Hazırlık,20dk Pişirme,12bin,168
6-8 kişilik,20dk Hazırlık,25dk Pişirme,1495,0
1-2 kişilik,10dk Hazırlık,1 saat Pişirme,12bin,403
10-12 kişilik,25dk Hazırlık,25dk Pişirme,13bin,49
6-8 kişilik,20dk Hazırlık,25dk Pişirme,12bin,80
4-6 kişilik,40dk Hazırlık,30dk Pişirme,12bin,14
4-6 kişilik,20dk Hazırlık,30dk Pişirme,12bin,93
4-6 kişilik,10dk Hazırlık,50dk Pişirme,12bin,28
6-8 kişilik,30dk Hazırlık,15dk Pişirme,12bin,70
4-6 kişilik,20dk Hazırlık,20dk Pişirme,27bin,209
1-2 kişilik,10dk Hazırlık,15dk Pişirme,27bin,136
2-4 kişilik,20dk Hazırlık,40dk Pişirme,26bin,273
6-8 kişilik,20dk Hazırlık,20dk Pişirme,11bin,88
2-4 kişilik,45dk Hazırlık,20dk Pişirme,11bin,55
6-8 kişilik,20dk Hazırlık,20dk Pişirme,11bin,86
4-6 kişilik,15dk Hazırlık,40dk Pişirme,11bin,36
2-4 kişilik,15dk Hazırlık,30dk Pişirme,8bin,10
4-6 kişilik,20dk Hazırlık,1 saat Pişirme,11bin,44
8-10 kişilik,30dk Hazırlık,25dk Pişirme,10bin,69
6-8 kişilik,20dk Hazırlık,55dk Pişirme,11bin,52
4-6 kişilik,10dk Hazırlık,30dk Pişirme,25bin,114
16 Kişi ve üstü kişilik,1 saat Hazırlık,1 saat 30dk Pişirme,10bin,57
4-6 kişilik,20dk Hazırlık,1 saat 30dk Pişirme,11bin,85
6-8 kişilik,25dk Hazırlık,40dk Pişirme,10bin,56
2-4 kişilik,2 saat 30dk Hazırlık,20dk Pişirme,10bin,99
4-6 kişilik,10dk Hazırlık,30dk Pişirme,10bin,20
2-4 kişilik,20dk Hazırlık,1 saat 30dk Pişirme,10bin,95
2-4 kişilik,15dk Hazırlık,20dk Pişirme,10bin,80
4-6 kişilik,15dk Hazırlık,1 saat Pişirme,10bin,70
6-8 kişilik,20dk Hazırlık,30dk Pişirme,10bin,56
6-8 kişilik,10dk Hazırlık,25dk Pişirme,10bin,29
4-6 kişilik,20dk Hazırlık,10dk Pişirme,9bin,49
8-10 kişilik,30dk Hazırlık,Pişirme yok,9bin,26
6-8 kişilik,40dk Hazırlık,30dk Pişirme,9bin,44
6-8 kişilik,15dk Hazırlık,20dk Pişirme,9bin,45
4-6 kişilik,20dk Hazırlık,50dk Pişirme,4bin,8
4-6 kişilik,30dk Hazırlık,25dk Pişirme,9bin,38
2-4 kişilik,30dk Hazırlık,35dk Pişirme,4bin,8
8-10 kişilik,30dk Hazırlık,30dk Pişirme,8bin,28
2-4 kişilik,20dk Hazırlık,45dk Pişirme,8bin,172
4-6 kişilik,25dk Hazırlık,1 saat 30dk Pişirme,9bin,59
4-6 kişilik,30dk Hazırlık,Pişirme yok,8bin,50
2-4 kişilik,5dk Hazırlık,20dk Pişirme,9bin,37
6-8 kişilik,5dk Hazırlık,Pişirme yok,20bin,77
2-4 kişilik,15dk Hazırlık,1 saat 30dk Pişirme,9bin,99
2-4 kişilik,10dk Hazırlık,5dk Pişirme,9bin,66
6-8 kişilik,15dk Hazırlık,15dk Pişirme,20bin,245
6-8 kişilik,15dk Hazırlık,15dk Pişirme,8bin,56
4-6 kişilik,30dk Hazırlık,35dk Pişirme,8bin,163
4-6 kişilik,25dk Hazırlık,15dk Pişirme,8bin,157
4-6 kişilik,15dk Hazırlık,1 saat Pişirme,8bin,86
2-4 kişilik,5dk Hazırlık,30dk Pişirme,1960,6
6-8 kişilik,20dk Hazırlık,1 saat Pişirme,8bin,61
8-10 kişilik,20dk Hazırlık,30dk Pişirme,7bin,22
4-6 kişilik,10dk Hazırlık,15dk Pişirme,7bin,25
2-4 kişilik,30dk Hazırlık,30dk Pişirme,17bin,118
4-6 kişilik,20dk Hazırlık,45dk Pişirme,17bin,154
4-6 kişilik,15dk Hazırlık,20dk Pişirme,7bin,114
12-14 kişilik,20dk Hazırlık,15dk Pişirme,7bin,34
2-4 kişilik,15dk Hazırlık,50dk Pişirme,7bin,20
6-8 kişilik,10dk Hazırlık,35dk Pişirme,7bin,35
6-8 kişilik,10dk Hazırlık,25dk Pişirme,7bin,15
2-4 kişilik,25dk Hazırlık,1 saat 30dk Pişirme,16bin,221
4-6 kişilik,30dk Hazırlık,20dk Pişirme,17bin,191
10-12 kişilik,20dk Hazırlık,30dk Pişirme,7bin,44
2-4 kişilik,10dk Hazırlık,40dk Pişirme,6bin,28
4-6 kişilik,20dk Hazırlık,1 saat 15dk Pişirme,7bin,11
6-8 kişilik,15dk Hazırlık,25dk Pişirme,5bin,14
2-4 kişilik,15dk Hazırlık,15dk Pişirme,16bin,122
2-4 kişilik,10dk Hazırlık,20dk Pişirme,16bin,59
4-6 kişilik,30dk Hazırlık,30dk Pişirme,15bin,150
8-10 kişilik,35dk Hazırlık,30dk Pişirme,6bin,79
4-6 kişilik,15dk Hazırlık,20dk Pişirme,6bin,81
2-4 kişilik,15dk Hazırlık,10dk Pişirme,6bin,51
4-6 kişilik,20dk Hazırlık,2 saat Pişirme,6bin,22
4-6 kişilik,15dk Hazırlık,20dk Pişirme,6bin,13
4-6 kişilik,35dk Hazırlık,55dk Pişirme,6bin,29
12-14 kişilik,15dk Hazırlık,30dk Pişirme,15bin,68
6-8 kişilik,25dk Hazırlık,15dk Pişirme,6bin,22
4-6 kişilik,15dk Hazırlık,25dk Pişirme,6bin,30
4-6 kişilik,15dk Hazırlık,20dk Pişirme,15bin,62
8-10 kişilik,20dk Hazırlık,30dk Pişirme,14bin,50
2-4 kişilik,25dk Hazırlık,40dk Pişirme,6bin,32
4-6 kişilik,15dk Hazırlık,1 saat Pişirme,6bin,56
6-8 kişilik,15dk Hazırlık,25dk Pişirme,3bin,10
4-6 kişilik,20dk Hazırlık,35dk Pişirme,6bin,31
4-6 kişilik,20dk Hazırlık,Pişirme yok,6bin,49
8-10 kişilik,15dk Hazırlık,40dk Pişirme,6bin,82
6-8 kişilik,20dk Hazırlık,25dk Pişirme,6bin,12
6-8 kişilik,25dk Hazırlık,25dk Pişirme,6bin,9
4-6 kişilik,20dk Hazırlık,2 saat Pişirme,6bin,39
2-4 kişilik,5dk Hazırlık,5dk Pişirme,14bin,280
2-4 kişilik,20dk Hazırlık,35dk Pişirme,14bin,173
4-6 kişilik,10dk Hazırlık,45dk Pişirme,14bin,103
4-6 kişilik,20dk Hazırlık,45dk Pişirme,14bin,57
6-8 kişilik,15dk Hazırlık,20dk Pişirme,6bin,43
4-6 kişilik,10dk Hazırlık,25dk Pişirme,6bin,44
4-6 kişilik,20dk Hazırlık,20dk Pişirme,6bin,193
4-6 kişilik,15dk Hazırlık,20dk Pişirme,5bin,30
4-6 kişilik,20dk Hazırlık,1 saat Pişirme,6bin,27
2-4 kişilik,10dk Hazırlık,25dk Pişirme,6bin,33
2-4 kişilik,10dk Hazırlık,40dk Pişirme,6bin,42
6-8 kişilik,5dk Hazırlık,35dk Pişirme,13bin,150
4-6 kişilik,20dk Hazırlık,30dk Pişirme,5bin,110
6-8 kişilik,10dk Hazırlık,25dk Pişirme,5bin,18
6-8 kişilik,10dk Hazırlık,1 saat 30dk Pişirme,13bin,250
6-8 kişilik,15dk Hazırlık,35dk Pişirme,5bin,30
4-6 kişilik,5dk Hazırlık,Pişirme yok,5bin,46
4-6 kişilik,10dk Hazırlık,25dk Pişirme,5bin,16
2-4 kişilik,15dk Hazırlık,5dk Pişirme,5bin,38
4-6 kişilik,15dk Hazırlık,20dk Pişirme,3bin,4
4-6 kişilik,25dk Hazırlık,30dk Pişirme,5bin,10
4-6 kişilik,10dk Hazırlık,40dk Pişirme,5bin,38
4-6 kişilik,20dk Hazırlık,25dk Pişirme,5bin,26
1-2 kişilik,15dk Hazırlık,1 saat 30dk Pişirme,5bin,34
2-4 kişilik,20dk Hazırlık,30dk Pişirme,5bin,39
4-6 kişilik,10dk Hazırlık,30dk Pişirme,5bin,91
6-8 kişilik,15dk Hazırlık,20dk Pişirme,5bin,5
6-8 kişilik,15dk Hazırlık,25dk Pişirme,5bin,17
2-4 kişilik,15dk Hazırlık,Pişirme yok,11bin,45
1-2 kişilik,10dk Hazırlık,40dk Pişirme,11bin,181
4-6 kişilik,30dk Hazırlık,25dk Pişirme,11bin,30
2-4 kişilik,5dk Hazırlık,15dk Pişirme,11bin,191
2-4 kişilik,15dk Hazırlık,20dk Pişirme,11bin,494
4-6 kişilik,20dk Hazırlık,40dk Pişirme,11bin,65
4-6 kişilik,10dk Hazırlık,20dk Pişirme,11bin,118
2-4 kişilik,15dk Hazırlık,35dk Pişirme,11bin,167
2-4 kişilik,15dk Hazırlık,30dk Pişirme,4bin,10
2-4 kişilik,15dk Hazırlık,40dk Pişirme,4bin,15
2-4 kişilik,10dk Hazırlık,20dk Pişirme,5bin,11
6-8 kişilik,40dk Hazırlık,25dk Pişirme,4bin,24
6-8 kişilik,15dk Hazırlık,15dk Pişirme,11bin,53
4-6 kişilik,20dk Hazırlık,35dk Pişirme,11bin,208
4-6 kişilik,15dk Hazırlık,35dk Pişirme,11bin,117
4-6 kişilik,30dk Hazırlık,30dk Pişirme,10bin,42
4-6 kişilik,15dk Hazırlık,1 saat Pişirme,11bin,55
2-4 kişilik,20dk Hazırlık,30dk Pişirme,11bin,59
2-4 kişilik,20dk Hazırlık,20dk Pişirme,11bin,51
2-4 kişilik,15dk Hazırlık,10dk Pişirme,11bin,40
6-8 kişilik,15dk Hazırlık,1 saat Pişirme,10bin,59
4-6 kişilik,5dk Hazırlık,15dk Pişirme,4bin,24
2-4 kişilik,10dk Hazırlık,1 saat Pişirme,4bin,151
4-6 kişilik,5dk Hazırlık,1 saat 30dk Pişirme,10bin,34
8-10 kişilik,15dk Hazırlık,40dk Pişirme,4bin,82
2-4 kişilik,25dk Hazırlık,10dk Pişirme,4bin,8
2-4 kişilik,10dk Hazırlık,1 saat Pişirme,4bin,30
2-4 kişilik,10dk Hazırlık,10dk Pişirme,4bin,29
2-4 kişilik,5dk Hazırlık,1 saat Pişirme,4bin,129
6-8 kişilik,15dk Hazırlık,20dk Pişirme,4bin,15
2-4 kişilik,5dk Hazırlık,15dk Pişirme,4bin,29
4-6 kişilik,25dk Hazırlık,40dk Pişirme,4bin,9
2-4 kişilik,15dk Hazırlık,15dk Pişirme,4bin,8
2-4 kişilik,10dk Hazırlık,20dk Pişirme,4bin,16
4-6 kişilik,40dk Hazırlık,30dk Pişirme,9bin,114
8-10 kişilik,20dk Hazırlık,20dk Pişirme,9bin,39
2-4 kişilik,1 saat 45dk Hazırlık,30dk Pişirme,9bin,66
2-4 kişilik,15dk Hazırlık,50dk Pişirme,9bin,98
2-4 kişilik,30dk Hazırlık,20dk Pişirme,10bin,83
8-10 kişilik,10dk Hazırlık,30dk Pişirme,1336,4
6-8 kişilik,20dk Hazırlık,25dk Pişirme,4bin,6
4-6 kişilik,15dk Hazırlık,20dk Pişirme,4bin,38
4-6 kişilik,5dk Hazırlık,Pişirme yok,4bin,19
4-6 kişilik,10dk Hazırlık,35dk Pişirme,4bin,31
6-8 kişilik,15dk Hazırlık,25dk Pişirme,4bin,21
4-6 kişilik,5dk Hazırlık,20dk Pişirme,9bin,56
2-4 kişilik,2 saat Hazırlık,15dk Pişirme,9bin,59
2-4 kişilik,20dk Hazırlık,35dk Pişirme,9bin,87
2-4 kişilik,25dk Hazırlık,15dk Pişirme,8bin,57
4-6 kişilik,15dk Hazırlık,40dk Pişirme,9bin,45
4-6 kişilik,40dk Hazırlık,30dk Pişirme,8bin,64
12-14 kişilik,40dk Hazırlık,1 saat Pişirme,7bin,28
2-4 kişilik,10dk Hazırlık,10dk Pişirme,8bin,79
4-6 kişilik,1 saat Hazırlık,30dk Pişirme,8bin,42
2-4 kişilik,20dk Hazırlık,40dk Pişirme,8bin,89
4-6 kişilik,10dk Hazırlık,30dk Pişirme,3bin,27
2-4 kişilik,25dk Hazırlık,1 saat Pişirme,3bin,23
2-4 kişilik,15dk Hazırlık,25dk Pişirme,3bin,15
4-6 kişilik,15dk Hazırlık,1 saat Pişirme,3bin,28
2-4 kişilik,10dk Hazırlık,30dk Pişirme,3bin,26
4-6 kişilik,25dk Hazırlık,25dk Pişirme,8bin,45
4-6 kişilik,30dk Hazırlık,Pişirme yok,8bin,97
4-6 kişilik,20dk Hazırlık,40dk Pişirme,8bin,57
4-6 kişilik,45dk Hazırlık,30dk Pişirme,6bin,60
4-6 kişilik,30dk Hazırlık,40dk Pişirme,8bin,92
6-8 kişilik,25dk Hazırlık,15dk Pişirme,8bin,57
4-6 kişilik,15dk Hazırlık,40dk Pişirme,8bin,17
2-4 kişilik,20dk Hazırlık,25dk Pişirme,8bin,38
4-6 kişilik,15dk Hazırlık,20dk Pişirme,8bin,119
4-6 kişilik,10dk Hazırlık,20dk Pişirme,8bin,97
4-6 kişilik,10dk Hazırlık,10dk Pişirme,8bin,33
4-6 kişilik,15dk Hazırlık,50dk Pişirme,8bin,70
2-4 kişilik,25dk Hazırlık,30dk Pişirme,3bin,10
6-8 kişilik,5dk Hazırlık,1 saat Pişirme,7bin,77
6-8 kişilik,15dk Hazırlık,25dk Pişirme,3bin,2
4-6 kişilik,10dk Hazırlık,35dk Pişirme,3bin,16
6-8 kişilik,5dk Hazırlık,Pişirme yok,7bin,31
6-8 kişilik,15dk Hazırlık,25dk Pişirme,3bin,7
8-10 kişilik,15dk Hazırlık,30dk Pişirme,3bin,8
6-8 kişilik,20dk Hazırlık,Pişirme yok,3bin,6
4-6 kişilik,15dk Hazırlık,10dk Pişirme,7bin,55
2-4 kişilik,15dk Hazırlık,45dk Pişirme,8bin,84
6-8 kişilik,45dk Hazırlık,25dk Pişirme,151bin,1455
2-4 kişilik,15dk Hazırlık,25dk Pişirme,145bin,736
2-4 kişilik,2 saat Hazırlık,30dk Pişirme,132bin,741
6-8 kişilik,45dk Hazırlık,25dk Pişirme,96bin,288
6-8 kişilik,15dk Hazırlık,50dk Pişirme,90bin,1455
1-2 kişilik,10dk Hazırlık,15dk Pişirme,86bin,402
4-6 kişilik,20dk Hazırlık,15dk Pişirme,86bin,496
4-6 kişilik,2 saat 15dk Hazırlık,30dk Pişirme,81bin,604
4-6 kişilik,10dk Hazırlık,20dk Pişirme,78bin,355
4-6 kişilik,10dk Hazırlık,15dk Pişirme,74bin,164
4-6 kişilik,25dk Hazırlık,35dk Pişirme,72bin,534
4-6 kişilik,15dk Hazırlık,45dk Pişirme,71bin,374
2-4 kişilik,15dk Hazırlık,25dk Pişirme,66bin,436
6-8 kişilik,20dk Hazırlık,30dk Pişirme,64bin,741
4-6 kişilik,35dk Hazırlık,1 saat Pişirme,61bin,233
2-4 kişilik,10dk Hazırlık,20dk Pişirme,60bin,410
4-6 kişilik,25dk Hazırlık,40dk Pişirme,58bin,697
2-4 kişilik,10dk Hazırlık,30dk Pişirme,57bin,219
2-4 kişilik,1 saat Hazırlık,5dk Pişirme,57bin,286
4-6 kişilik,20dk Hazırlık,45dk Pişirme,57bin,247
2-4 kişilik,10dk Hazırlık,20dk Pişirme,49bin,697
2-4 kişilik,20dk Hazırlık,25dk Pişirme,49bin,872
6-8 kişilik,40dk Hazırlık,20dk Pişirme,47bin,237
4-6 kişilik,20dk Hazırlık,30dk Pişirme,47bin,137
12-14 kişilik,30dk Hazırlık,30dk Pişirme,45bin,144
4-6 kişilik,10dk Hazırlık,30dk Pişirme,43bin,229
10-12 kişilik,5dk Hazırlık,20dk Pişirme,43bin,309
1-2 kişilik,10dk Hazırlık,30dk Pişirme,42bin,224
1-2 kişilik,10dk Hazırlık,1 saat Pişirme,42bin,403
2-4 kişilik,1 saat Hazırlık,50dk Pişirme,41bin,154
4-6 kişilik,15dk Hazırlık,15dk Pişirme,39bin,105
8-10 kişilik,30dk Hazırlık,30dk Pişirme,35bin,172
2-4 kişilik,30dk Hazırlık,30dk Pişirme,34bin,142
2-4 kişilik,15dk Hazırlık,25dk Pişirme,33bin,84
4-6 kişilik,15dk Hazırlık,50dk Pişirme,33bin,510
2-4 kişilik,1 saat Hazırlık,5dk Pişirme,33bin,345
2-4 kişilik,15dk Hazırlık,20dk Pişirme,32bin,102
1-2 kişilik,10dk Hazırlık,15dk Pişirme,32bin,496
2-4 kişilik,10dk Hazırlık,30dk Pişirme,30bin,247
4-6 kişilik,15dk Hazırlık,1 saat 15dk Pişirme,29bin,383
1-2 kişilik,20dk Hazırlık,20dk Pişirme,28bin,219
10-12 kişilik,5dk Hazırlık,35dk Pişirme,28bin,278
4-6 kişilik,15dk Hazırlık,20dk Pişirme,27bin,62
4-6 kişilik,20dk Hazırlık,50dk Pişirme,27bin,118
6-8 kişilik,30dk Hazırlık,1 saat 15dk Pişirme,27bin,295
2-4 kişilik,30dk Hazırlık,40dk Pişirme,26bin,253
2-4 kişilik,15dk Hazırlık,20dk Pişirme,26bin,101
4-6 kişilik,30dk Hazırlık,35dk Pişirme,25bin,157
6-8 kişilik,30dk Hazırlık,1 saat 15dk Pişirme,25bin,295
4-6 kişilik,20dk Hazırlık,25dk Pişirme,25bin,66
4-6 kişilik,20dk Hazırlık,35dk Pişirme,24bin,90
4-6 kişilik,15dk Hazırlık,1 saat 15dk Pişirme,25bin,106
2-4 kişilik,10dk Hazırlık,15dk Pişirme,23bin,65
6-8 kişilik,15dk Hazırlık,45dk Pişirme,23bin,94
4-6 kişilik,10dk Hazırlık,20dk Pişirme,54bin,580
1-2 kişilik,15dk Hazırlık,35dk Pişirme,23bin,175
4-6 kişilik,20dk Hazırlık,50dk Pişirme,23bin,118
2-4 kişilik,15dk Hazırlık,20dk Pişirme,22bin,45
4-6 kişilik,10dk Hazırlık,45dk Pişirme,22bin,80
2-4 kişilik,10dk Hazırlık,30dk Pişirme,21bin,71
4-6 kişilik,10dk Hazırlık,35dk Pişirme,22bin,102
4-6 kişilik,20dk Hazırlık,30dk Pişirme,21bin,264
8-10 kişilik,30dk Hazırlık,20dk Pişirme,21bin,69
2-4 kişilik,15dk Hazırlık,20dk Pişirme,20bin,125
2-4 kişilik,10dk Hazırlık,15dk Pişirme,20bin,71
4-6 kişilik,15dk Hazırlık,20dk Pişirme,20bin,36
2-4 kişilik,10dk Hazırlık,1 saat Pişirme,20bin,151
4-6 kişilik,15dk Hazırlık,20dk Pişirme,19bin,54
4-6 kişilik,5dk Hazırlık,35dk Pişirme,20bin,85
2-4 kişilik,25dk Hazırlık,25dk Pişirme,19bin,189
4-6 kişilik,15dk Hazırlık,45dk Pişirme,19bin,71
4-6 kişilik,10dk Hazırlık,50dk Pişirme,18bin,436
2-4 kişilik,15dk Hazırlık,20dk Pişirme,18bin,138
2-4 kişilik,10dk Hazırlık,25dk Pişirme,18bin,25
2-4 kişilik,35dk Hazırlık,30dk Pişirme,18bin,116
2-4 kişilik,25dk Hazırlık,25dk Pişirme,18bin,128
4-6 kişilik,15dk Hazırlık,15dk Pişirme,17bin,83
4-6 kişilik,25dk Hazırlık,35dk Pişirme,17bin,108
2-4 kişilik,15dk Hazırlık,30dk Pişirme,17bin,113
6-8 kişilik,40dk Hazırlık,30dk Pişirme,17bin,54
2-4 kişilik,20dk Hazırlık,30dk Pişirme,17bin,154
4-6 kişilik,5dk Hazırlık,35dk Pişirme,16bin,165
4-6 kişilik,15dk Hazırlık,30dk Pişirme,16bin,189
8-10 kişilik,5dk Hazırlık,20dk Pişirme,16bin,26
2-4 kişilik,10dk Hazırlık,Pişirme yok,16bin,69
4-6 kişilik,10dk Hazırlık,35dk Pişirme,16bin,45
2-4 kişilik,25dk Hazırlık,10dk Pişirme,15bin,102
2-4 kişilik,30dk Hazırlık,25dk Pişirme,15bin,68
4-6 kişilik,15dk Hazırlık,1 saat Pişirme,15bin,38
2-4 kişilik,10dk Hazırlık,35dk Pişirme,4bin,21
2-4 kişilik,35dk Hazırlık,25dk Pişirme,15bin,92
6-8 kişilik,2 saat Hazırlık,45dk Pişirme,15bin,65
4-6 kişilik,15dk Hazırlık,1 saat 15dk Pişirme,15bin,383
2-4 kişilik,25dk Hazırlık,20dk Pişirme,34bin,306
4-6 kişilik,10dk Hazırlık,25dk Pişirme,33bin,265
10-12 kişilik,15dk Hazırlık,20dk Pişirme,14bin,190
4-6 kişilik,20dk Hazırlık,1 saat Pişirme,14bin,84
2-4 kişilik,40dk Hazırlık,30dk Pişirme,14bin,56
4-6 kişilik,15dk Hazırlık,45dk Pişirme,14bin,41
4-6 kişilik,15dk Hazırlık,1 saat Pişirme,11bin,35
4-6 kişilik,15dk Hazırlık,20dk Pişirme,14bin,30
2-4 kişilik,20dk Hazırlık,20dk Pişirme,10bin,27
2-4 kişilik,20dk Hazırlık,15dk Pişirme,31bin,206
4-6 kişilik,20dk Hazırlık,1 saat Pişirme,13bin,71
4-6 kişilik,1 saat 30dk Hazırlık,15dk Pişirme,30bin,191
4-6 kişilik,25dk Hazırlık,40dk Pişirme,13bin,286
4-6 kişilik,10dk Hazırlık,35dk Pişirme,13bin,173
2-4 kişilik,15dk Hazırlık,40dk Pişirme,13bin,29
4-6 kişilik,20dk Hazırlık,20dk Pişirme,12bin,168
4-6 kişilik,10dk Hazırlık,15dk Pişirme,12bin,71
10-12 kişilik,25dk Hazırlık,30dk Pişirme,2bin,5
1-2 kişilik,10dk Hazırlık,1 saat Pişirme,12bin,403
6-8 kişilik,20dk Hazırlık,25dk Pişirme,12bin,80
2-4 kişilik,10dk Hazırlık,40dk Pişirme,12bin,55
6-8 kişilik,15dk Hazırlık,20dk Pişirme,12bin,97
6-8 kişilik,40dk Hazırlık,30dk Pişirme,5bin,20
6-8 kişilik,15dk Hazırlık,30dk Pişirme,12bin,69
2-4 kişilik,20dk Hazırlık,45dk Pişirme,12bin,28
2-4 kişilik,1 saat Hazırlık,20dk Pişirme,12bin,52
4-6 kişilik,10dk Hazırlık,55dk Pişirme,12bin,25
2-4 kişilik,10dk Hazırlık,15dk Pişirme,28bin,181
4-6 kişilik,10dk Hazırlık,1 saat Pişirme,11bin,44
4-6 kişilik,15dk Hazırlık,35dk Pişirme,26bin,189
2-4 kişilik,20dk Hazırlık,40dk Pişirme,26bin,273
2-4 kişilik,20dk Hazırlık,45dk Pişirme,11bin,51
6-8 kişilik,20dk Hazırlık,45dk Pişirme,11bin,30
4-6 kişilik,20dk Hazırlık,20dk Pişirme,11bin,40
6-8 kişilik,10dk Hazırlık,30dk Pişirme,11bin,41
4-6 kişilik,10dk Hazırlık,30dk Pişirme,25bin,114
2-4 kişilik,10dk Hazırlık,20dk Pişirme,10bin,101
6-8 kişilik,20dk Hazırlık,30dk Pişirme,10bin,121
4-6 kişilik,20dk Hazırlık,Pişirme yok,10bin,82
6-8 kişilik,10dk Hazırlık,40dk Pişirme,10bin,71
2-4 kişilik,5dk Hazırlık,15dk Pişirme,10bin,26
6-8 kişilik,45dk Hazırlık,30dk Pişirme,3bin,2
6-8 kişilik,10dk Hazırlık,50dk Pişirme,10bin,26
2-4 kişilik,10dk Hazırlık,15dk Pişirme,10bin,23
4-6 kişilik,1 saat Hazırlık,35dk Pişirme,10bin,39
4-6 kişilik,15dk Hazırlık,15dk Pişirme,10bin,111
4-6 kişilik,15dk Hazırlık,50dk Pişirme,10bin,64
4-6 kişilik,10dk Hazırlık,45dk Pişirme,10bin,65
4-6 kişilik,45dk Hazırlık,20dk Pişirme,2bin,8
2-4 kişilik,30dk Hazırlık,45dk Pişirme,9bin,30
4-6 kişilik,30dk Hazırlık,20dk Pişirme,1912,9
2-4 kişilik,25dk Hazırlık,25dk Pişirme,23bin,172
1-2 kişilik,15dk Hazırlık,1 saat Pişirme,10bin,52
1-2 kişilik,15dk Hazırlık,1 saat Pişirme,2bin,8
4-6 kişilik,15dk Hazırlık,40dk Pişirme,22bin,146
4-6 kişilik,10dk Hazırlık,25dk Pişirme,9bin,49
2-4 kişilik,20dk Hazırlık,20dk Pişirme,9bin,25
1-2 kişilik,10dk Hazırlık,30dk Pişirme,9bin,52
2-4 kişilik,15dk Hazırlık,Pişirme yok,9bin,67
4-6 kişilik,25dk Hazırlık,15dk Pişirme,9bin,31
6-8 kişilik,20dk Hazırlık,10dk Pişirme,21bin,126
6-8 kişilik,15dk Hazırlık,30dk Pişirme,21bin,186
4-6 kişilik,20dk Hazırlık,25dk Pişirme,4bin,13
8-10 kişilik,30dk Hazırlık,30dk Pişirme,8bin,172
2-4 kişilik,10dk Hazırlık,20dk Pişirme,8bin,46
4-6 kişilik,15dk Hazırlık,20dk Pişirme,8bin,54
6-8 kişilik,10dk Hazırlık,45dk Pişirme,9bin,133
2-4 kişilik,25dk Hazırlık,50dk Pişirme,8bin,37
2-4 kişilik,5dk Hazırlık,20dk Pişirme,20bin,77
6-8 kişilik,15dk Hazırlık,15dk Pişirme,8bin,56
2-4 kişilik,15dk Hazırlık,20dk Pişirme,4bin,16
4-6 kişilik,15dk Hazırlık,20dk Pişirme,8bin,63
10-12 kişilik,5dk Hazırlık,20dk Pişirme,8bin,309
4-6 kişilik,5dk Hazırlık,20dk Pişirme,8bin,16
4-6 kişilik,10dk Hazırlık,15dk Pişirme,8bin,55
4-6 kişilik,15dk Hazırlık,30dk Pişirme,8bin,20
4-6 kişilik,30dk Hazırlık,35dk Pişirme,8bin,31
2-4 kişilik,10dk Hazırlık,20dk Pişirme,2bin,2
1-2 kişilik,15dk Hazırlık,10dk Pişirme,19bin,211
2-4 kişilik,15dk Hazırlık,Pişirme yok,19bin,135
2-4 kişilik,10dk Hazırlık,20dk Pişirme,19bin,216
6-8 kişilik,15dk Hazırlık,30dk Pişirme,8bin,186
2-4 kişilik,10dk Hazırlık,25dk Pişirme,8bin,21
2-4 kişilik,5dk Hazırlık,25dk Pişirme,8bin,286
6-8 kişilik,25dk Hazırlık,Pişirme yok,8bin,84
2-4 kişilik,20dk Hazırlık,25dk Pişirme,8bin,27
2-4 kişilik,15dk Hazırlık,1 saat Pişirme,8bin,69
4-6 kişilik,15dk Hazırlık,20dk Pişirme,8bin,19
6-8 kişilik,10dk Hazırlık,25dk Pişirme,8bin,35
4-6 kişilik,20dk Hazırlık,15dk Pişirme,8bin,44
8-10 kişilik,30dk Hazırlık,20dk Pişirme,56bin,483
2-4 kişilik,10dk Hazırlık,20dk Pişirme,7bin,42
4-6 kişilik,5dk Hazırlık,15dk Pişirme,7bin,48
2-4 kişilik,35dk Hazırlık,40dk Pişirme,7bin,30
6-8 kişilik,50dk Hazırlık,20dk Pişirme,18bin,162
8-10 kişilik,20dk Hazırlık,40dk Pişirme,7bin,84
4-6 kişilik,15dk Hazırlık,45dk Pişirme,7bin,13
6-8 kişilik,25dk Hazırlık,30dk Pişirme,17bin,91
2-4 kişilik,10dk Hazırlık,20dk Pişirme,17bin,107
4-6 kişilik,10dk Hazırlık,25dk Pişirme,17bin,157
8-10 kişilik,15dk Hazırlık,30dk Pişirme,2bin,9
2-4 kişilik,10dk Hazırlık,15dk Pişirme,7bin,18
6-8 kişilik,15dk Hazırlık,30dk Pişirme,7bin,24
4-6 kişilik,10dk Hazırlık,1 saat Pişirme,7bin,59
4-6 kişilik,10dk Hazırlık,1 saat Pişirme,7bin,38
4-6 kişilik,5dk Hazırlık,20dk Pişirme,7bin,42
2-4 kişilik,15dk Hazırlık,20dk Pişirme,7bin,30
4-6 kişilik,15dk Hazırlık,Pişirme yok,7bin,34
4-6 kişilik,10dk Hazırlık,50dk Pişirme,16bin,122
4-6 kişilik,15dk Hazırlık,30dk Pişirme,6bin,23
4-6 kişilik,5dk Hazırlık,45dk Pişirme,6bin,54
4-6 kişilik,10dk Hazırlık,25dk Pişirme,7bin,36
2-4 kişilik,30dk Hazırlık,40dk Pişirme,7bin,32
2-4 kişilik,30dk Hazırlık,25dk Pişirme,7bin,41
4-6 kişilik,20dk Hazırlık,20dk Pişirme,7bin,168
6-8 kişilik,15dk Hazırlık,20dk Pişirme,1438,3
2-4 kişilik,15dk Hazırlık,15dk Pişirme,16bin,122
4-6 kişilik,30dk Hazırlık,30dk Pişirme,15bin,150
2-4 kişilik,15dk Hazırlık,10dk Pişirme,6bin,51
1-2 kişilik,20dk Hazırlık,20dk Pişirme,6bin,28
2-4 kişilik,15dk Hazırlık,25dk Pişirme,6bin,21
6-8 kişilik,5dk Hazırlık,10dk Pişirme,243bin,4300
6-8 kişilik,15dk Hazırlık,25dk Pişirme,207bin,1549
2-4 kişilik,15dk Hazırlık,25dk Pişirme,200bin,2102
6-8 kişilik,15dk Hazırlık,30dk Pişirme,180bin,1537
8-10 kişilik,15dk Hazırlık,40dk Pişirme,144bin,1085
4-6 kişilik,10dk Hazırlık,20dk Pişirme,114bin,765
6-8 kişilik,5dk Hazırlık,30dk Pişirme,112bin,490
6-8 kişilik,5dk Hazırlık,30dk Pişirme,110bin,526
6-8 kişilik,20dk Hazırlık,20dk Pişirme,108bin,1242
2-4 kişilik,15dk Hazırlık,25dk Pişirme,98bin,1194
6-8 kişilik,15dk Hazırlık,30dk Pişirme,85bin,2102
4-6 kişilik,5dk Hazırlık,20dk Pişirme,81bin,1537
4-6 kişilik,10dk Hazırlık,25dk Pişirme,81bin,758
4-6 kişilik,10dk Hazırlık,40dk Pişirme,73bin,431
8-10 kişilik,5dk Hazırlık,20dk Pişirme,71bin,288
4-6 kişilik,5dk Hazırlık,10dk Pişirme,69bin,625
6-8 kişilik,30dk Hazırlık,35dk Pişirme,68bin,446
4-6 kişilik,15dk Hazırlık,20dk Pişirme,68bin,371
4-6 kişilik,30dk Hazırlık,30dk Pişirme,67bin,507
4-6 kişilik,15dk Hazırlık,20dk Pişirme,67bin,513
2-4 kişilik,10dk Hazırlık,30dk Pişirme,66bin,659
2-4 kişilik,20dk Hazırlık,15dk Pişirme,65bin,618
4-6 kişilik,15dk Hazırlık,30dk Pişirme,65bin,248
4-6 kişilik,20dk Hazırlık,20dk Pişirme,64bin,383
4-6 kişilik,25dk Hazırlık,30dk Pişirme,61bin,297
4-6 kişilik,15dk Hazırlık,20dk Pişirme,56bin,228
6-8 kişilik,5dk Hazırlık,Pişirme yok,53bin,263
4-6 kişilik,10dk Hazırlık,20dk Pişirme,53bin,582
2-4 kişilik,15dk Hazırlık,20dk Pişirme,52bin,349
8-10 kişilik,10dk Hazırlık,25dk Pişirme,49bin,238
4-6 kişilik,20dk Hazırlık,25dk Pişirme,49bin,191
6-8 kişilik,10dk Hazırlık,40dk Pişirme,48bin,287
4-6 kişilik,10dk Hazırlık,10dk Pişirme,48bin,338
6-8 kişilik,40dk Hazırlık,30dk Pişirme,47bin,259
4-6 kişilik,10dk Hazırlık,20dk Pişirme,47bin,233
6-8 kişilik,20dk Hazırlık,20dk Pişirme,7bin,25
8-10 kişilik,15dk Hazırlık,40dk Pişirme,44bin,1085
4-6 kişilik,5dk Hazırlık,15dk Pişirme,44bin,596
4-6 kişilik,10dk Hazırlık,30dk Pişirme,43bin,287
6-8 kişilik,20dk Hazırlık,20dk Pişirme,43bin,1194
2-4 kişilik,20dk Hazırlık,10dk Pişirme,41bin,242
4-6 kişilik,30dk Hazırlık,30dk Pişirme,40bin,180
4-6 kişilik,15dk Hazırlık,30dk Pişirme,39bin,465
1-2 kişilik,5dk Hazırlık,5dk Pişirme,38bin,227
4-6 kişilik,10dk Hazırlık,20dk Pişirme,38bin,203
4-6 kişilik,10dk Hazırlık,20dk Pişirme,37bin,656
4-6 kişilik,20dk Hazırlık,40dk Pişirme,39bin,446
4-6 kişilik,10dk Hazırlık,30dk Pişirme,36bin,142
6-8 kişilik,5dk Hazırlık,25dk Pişirme,36bin,474
4-6 kişilik,10dk Hazırlık,20dk Pişirme,35bin,140
4-6 kişilik,15dk Hazırlık,30dk Pişirme,35bin,117
4-6 kişilik,25dk Hazırlık,25dk Pişirme,34bin,169
4-6 kişilik,10dk Hazırlık,30dk Pişirme,33bin,430
4-6 kişilik,10dk Hazırlık,35dk Pişirme,33bin,325
8-10 kişilik,15dk Hazırlık,10dk Pişirme,31bin,113
2-4 kişilik,10dk Hazırlık,20dk Pişirme,30bin,93
2-4 kişilik,5dk Hazırlık,Pişirme yok,30bin,138
6-8 kişilik,30dk Hazırlık,35dk Pişirme,29bin,371
8-10 kişilik,5dk Hazırlık,Pişirme yok,29bin,177
2-4 kişilik,20dk Hazırlık,1 saat Pişirme,28bin,143
4-6 kişilik,10dk Hazırlık,20dk Pişirme,28bin,229
4-6 kişilik,15dk Hazırlık,15dk Pişirme,27bin,58
6-8 kişilik,10dk Hazırlık,15dk Pişirme,27bin,164
4-6 kişilik,15dk Hazırlık,30dk Pişirme,21bin,51
4-6 kişilik,45dk Hazırlık,30dk Pişirme,26bin,98
4-6 kişilik,20dk Hazırlık,15dk Pişirme,25bin,136
4-6 kişilik,10dk Hazırlık,25dk Pişirme,25bin,238
6-8 kişilik,10dk Hazırlık,15dk Pişirme,24bin,82
8-10 kişilik,10dk Hazırlık,25dk Pişirme,24bin,154
6-8 kişilik,5dk Hazırlık,30dk Pişirme,24bin,170
4-6 kişilik,15dk Hazırlık,30dk Pişirme,24bin,99
2-4 kişilik,15dk Hazırlık,40dk Pişirme,24bin,293
2-4 kişilik,20dk Hazırlık,15dk Pişirme,24bin,131
4-6 kişilik,5dk Hazırlık,Pişirme yok,23bin,242
4-6 kişilik,10dk Hazırlık,50dk Pişirme,23bin,106
4-6 kişilik,10dk Hazırlık,25dk Pişirme,23bin,152
4-6 kişilik,10dk Hazırlık,20dk Pişirme,22bin,60
8-10 kişilik,15dk Hazırlık,20dk Pişirme,2bin,4
4-6 kişilik,10dk Hazırlık,20dk Pişirme,22bin,41
4-6 kişilik,10dk Hazırlık,40dk Pişirme,22bin,251
6-8 kişilik,5dk Hazırlık,1 saat Pişirme,22bin,119
4-6 kişilik,15dk Hazırlık,25dk Pişirme,22bin,93
4-6 kişilik,10dk Hazırlık,20dk Pişirme,22bin,177
6-8 kişilik,5dk Hazırlık,30dk Pişirme,50bin,560
6-8 kişilik,15dk Hazırlık,25dk Pişirme,21bin,1549
8-10 kişilik,5dk Hazırlık,15dk Pişirme,21bin,345
6-8 kişilik,5dk Hazırlık,20dk Pişirme,20bin,180
8-10 kişilik,10dk Hazırlık,30dk Pişirme,20bin,121
6-8 kişilik,15dk Hazırlık,30dk Pişirme,21bin,77
6-8 kişilik,5dk Hazırlık,30dk Pişirme,20bin,138
4-6 kişilik,10dk Hazırlık,15dk Pişirme,20bin,89
2-4 kişilik,5dk Hazırlık,15dk Pişirme,20bin,104
4-6 kişilik,10dk Hazırlık,20dk Pişirme,20bin,119
4-6 kişilik,10dk Hazırlık,20dk Pişirme,19bin,177
6-8 kişilik,15dk Hazırlık,20dk Pişirme,19bin,127
4-6 kişilik,10dk Hazırlık,25dk Pişirme,18bin,190
4-6 kişilik,10dk Hazırlık,25dk Pişirme,18bin,98
10-12 kişilik,5dk Hazırlık,15dk Pişirme,42bin,175
8-10 kişilik,5dk Hazırlık,40dk Pişirme,18bin,106
2-4 kişilik,20dk Hazırlık,35dk Pişirme,18bin,89
4-6 kişilik,5dk Hazırlık,40dk Pişirme,18bin,64
4-6 kişilik,20dk Hazırlık,30dk Pişirme,18bin,102
2-4 kişilik,15dk Hazırlık,30dk Pişirme,18bin,144
4-6 kişilik,10dk Hazırlık,15dk Pişirme,41bin,489
6-8 kişilik,5dk Hazırlık,15dk Pişirme,17bin,135
2-4 kişilik,25dk Hazırlık,20dk Pişirme,17bin,52
4-6 kişilik,10dk Hazırlık,30dk Pişirme,17bin,47
4-6 kişilik,10dk Hazırlık,15dk Pişirme,16bin,68
4-6 kişilik,10dk Hazırlık,25dk Pişirme,1525,4
4-6 kişilik,5dk Hazırlık,15dk Pişirme,16bin,297
4-6 kişilik,5dk Hazırlık,30dk Pişirme,15bin,136
2-4 kişilik,5dk Hazırlık,25dk Pişirme,1908,7
4-6 kişilik,10dk Hazırlık,35dk Pişirme,15bin,190
4-6 kişilik,10dk Hazırlık,25dk Pişirme,15bin,47
4-6 kişilik,5dk Hazırlık,10dk Pişirme,15bin,108
4-6 kişilik,15dk Hazırlık,20dk Pişirme,15bin,28
4-6 kişilik,20dk Hazırlık,20dk Pişirme,15bin,79
6-8 kişilik,20dk Hazırlık,30dk Pişirme,14bin,93
2-4 kişilik,15dk Hazırlık,20dk Pişirme,14bin,316
1-2 kişilik,20dk Hazırlık,15dk Pişirme,14bin,78
2-4 kişilik,10dk Hazırlık,20dk Pişirme,14bin,192
8-10 kişilik,5dk Hazırlık,20dk Pişirme,14bin,88
4-6 kişilik,10dk Hazırlık,15dk Pişirme,14bin,149
6-8 kişilik,15dk Hazırlık,20dk Pişirme,13bin,36
4-6 kişilik,10dk Hazırlık,15dk Pişirme,14bin,65
4-6 kişilik,15dk Hazırlık,30dk Pişirme,14bin,50
4-6 kişilik,10dk Hazırlık,10dk Pişirme,14bin,59
4-6 kişilik,10dk Hazırlık,35dk Pişirme,13bin,338
4-6 kişilik,5dk Hazırlık,30dk Pişirme,13bin,70
6-8 kişilik,40dk Hazırlık,30dk Pişirme,14bin,149
4-6 kişilik,10dk Hazırlık,45dk Pişirme,13bin,171
4-6 kişilik,30dk Hazırlık,1 saat Pişirme,13bin,54
6-8 kişilik,15dk Hazırlık,20dk Pişirme,10bin,61
2-4 kişilik,5dk Hazırlık,20dk Pişirme,12bin,44
8-10 kişilik,1 saat Hazırlık,15dk Pişirme,12bin,108
10-12 kişilik,5dk Hazırlık,40dk Pişirme,12bin,126
4-6 kişilik,15dk Hazırlık,25dk Pişirme,12bin,46
4-6 kişilik,15dk Hazırlık,30dk Pişirme,11bin,264
1-2 kişilik,15dk Hazırlık,20dk Pişirme,11bin,37
8-10 kişilik,20dk Hazırlık,40dk Pişirme,11bin,62
4-6 kişilik,5dk Hazırlık,15dk Pişirme,12bin,137
2-4 kişilik,15dk Hazırlık,25dk Pişirme,11bin,51
6-8 kişilik,10dk Hazırlık,15dk Pişirme,27bin,210
6-8 kişilik,10dk Hazırlık,35dk Pişirme,11bin,86
8-10 kişilik,15dk Hazırlık,15dk Pişirme,11bin,144
8-10 kişilik,10dk Hazırlık,35dk Pişirme,11bin,154
6-8 kişilik,10dk Hazırlık,20dk Pişirme,11bin,24
4-6 kişilik,30dk Hazırlık,20dk Pişirme,11bin,42
6-8 kişilik,5dk Hazırlık,25dk Pişirme,11bin,77
6-8 kişilik,15dk Hazırlık,25dk Pişirme,3bin,4
4-6 kişilik,10dk Hazırlık,15dk Pişirme,10bin,83
6-8 kişilik,5dk Hazırlık,Pişirme yok,10bin,91
4-6 kişilik,30dk Hazırlık,20dk Pişirme,10bin,74
4-6 kişilik,10dk Hazırlık,20dk Pişirme,10bin,140
6-8 kişilik,10dk Hazırlık,20dk Pişirme,10bin,111
6-8 kişilik,5dk Hazırlık,20dk Pişirme,10bin,61
6-8 kişilik,20dk Hazırlık,30dk Pişirme,23bin,115
6-8 kişilik,15dk Hazırlık,20dk Pişirme,10bin,60
6-8 kişilik,5dk Hazırlık,15dk Pişirme,22bin,244
4-6 kişilik,10dk Hazırlık,25dk Pişirme,22bin,127
4-6 kişilik,5dk Hazırlık,25dk Pişirme,9bin,59
4-6 kişilik,5dk Hazırlık,20dk Pişirme,9bin,61
8-10 kişilik,1 saat Hazırlık,15dk Pişirme,9bin,108
4-6 kişilik,5dk Hazırlık,10dk Pişirme,9bin,445
8-10 kişilik,10dk Hazırlık,35dk Pişirme,9bin,41
8-10 kişilik,15dk Hazırlık,20dk Pişirme,9bin,50
4-6 kişilik,10dk Hazırlık,20dk Pişirme,9bin,119
6-8 kişilik,10dk Hazırlık,20dk Pişirme,9bin,27
4-6 kişilik,25dk Hazırlık,30dk Pişirme,9bin,297
4-6 kişilik,10dk Hazırlık,40dk Pişirme,2bin,13
4-6 kişilik,10dk Hazırlık,15dk Pişirme,9bin,90
6-8 kişilik,10dk Hazırlık,20dk Pişirme,8bin,186
6-8 kişilik,10dk Hazırlık,20dk Pişirme,8bin,39
6-8 kişilik,15dk Hazırlık,25dk Pişirme,8bin,40
4-6 kişilik,15dk Hazırlık,45dk Pişirme,8bin,27
4-6 kişilik,15dk Hazırlık,30dk Pişirme,8bin,465
2-4 kişilik,5dk Hazırlık,Pişirme yok,8bin,118
6-8 kişilik,5dk Hazırlık,15dk Pişirme,2bin,5
2-4 kişilik,5dk Hazırlık,30dk Pişirme,8bin,83
4-6 kişilik,5dk Hazırlık,35dk Pişirme,8bin,20
2-4 kişilik,10dk Hazırlık,25dk Pişirme,1930,6
6-8 kişilik,10dk Hazırlık,35dk Pişirme,8bin,26
4-6 kişilik,5dk Hazırlık,20dk Pişirme,8bin,68
8-10 kişilik,15dk Hazırlık,20dk Pişirme,8bin,18
8-10 kişilik,5dk Hazırlık,10dk Pişirme,8bin,57
4-6 kişilik,10dk Hazırlık,20dk Pişirme,8bin,25
8-10 kişilik,5dk Hazırlık,15dk Pişirme,18bin,114
6-8 kişilik,15dk Hazırlık,30dk Pişirme,18bin,105
4-6 kişilik,10dk Hazırlık,20dk Pişirme,7bin,64
6-8 kişilik,20dk Hazırlık,20dk Pişirme,7bin,10
6-8 kişilik,15dk Hazırlık,15dk Pişirme,8bin,32
4-6 kişilik,20dk Hazırlık,30dk Pişirme,17bin,125
2-4 kişilik,20dk Hazırlık,10dk Pişirme,8bin,26
6-8 kişilik,10dk Hazırlık,20dk Pişirme,7bin,242
6-8 kişilik,5dk Hazırlık,Pişirme yok,17bin,143
8-10 kişilik,10dk Hazırlık,20dk Pişirme,7bin,37
4-6 kişilik,15dk Hazırlık,20dk Pişirme,7bin,21
6-8 kişilik,10dk Hazırlık,30dk Pişirme,7bin,31
4-6 kişilik,10dk Hazırlık,20dk Pişirme,7bin,490
4-6 kişilik,30dk Hazırlık,Pişirme yok,7bin,45
8-10 kişilik,15dk Hazırlık,25dk Pişirme,7bin,25
4-6 kişilik,20dk Hazırlık,45dk Pişirme,7bin,181
4-6 kişilik,5dk Hazırlık,20dk Pişirme,7bin,71
8-10 kişilik,30dk Hazırlık,45dk Pişirme,7bin,118
4-6 kişilik,20dk Hazırlık,25dk Pişirme,7bin,27
4-6 kişilik,30dk Hazırlık,15dk Pişirme,16bin,85
1-2 kişilik,10dk Hazırlık,30dk Pişirme,17bin,213
1-2 kişilik,15dk Hazırlık,30dk Pişirme,16bin,90
4-6 kişilik,10dk Hazırlık,20dk Pişirme,16bin,134
8-10 kişilik,15dk Hazırlık,20dk Pişirme,7bin,118
4-6 kişilik,15dk Hazırlık,30dk Pişirme,6bin,88
12-14 kişilik,15dk Hazırlık,30dk Pişirme,6bin,50
4-6 kişilik,10dk Hazırlık,20dk Pişirme,7bin,18
6-8 kişilik,5dk Hazırlık,Pişirme yok,15bin,89
4-6 kişilik,15dk Hazırlık,20dk Pişirme,3bin,7
4-6 kişilik,15dk Hazırlık,10dk Pişirme,1385,6
4-6 kişilik,10dk Hazırlık,20dk Pişirme,76bin,469
4-6 kişilik,30dk Hazırlık,30dk Pişirme,75bin,342
4-6 kişilik,30dk Hazırlık,30dk Pişirme,74bin,606
8-10 kişilik,20dk Hazırlık,40dk Pişirme,73bin,550
4-6 kişilik,15dk Hazırlık,15dk Pişirme,73bin,669
4-6 kişilik,10dk Hazırlık,20dk Pişirme,71bin,727
8-10 kişilik,20dk Hazırlık,20dk Pişirme,70bin,2417
2-4 kişilik,5dk Hazırlık,15dk Pişirme,70bin,228
8-10 kişilik,1 saat 30dk Hazırlık,15dk Pişirme,69bin,535
12-14 kişilik,30dk Hazırlık,20dk Pişirme,68bin,1087
6-8 kişilik,30dk Hazırlık,30dk Pişirme,67bin,724
8-10 kişilik,40dk Hazırlık,30dk Pişirme,65bin,709
4-6 kişilik,15dk Hazırlık,10dk Pişirme,65bin,306
12-14 kişilik,40dk Hazırlık,45dk Pişirme,64bin,1056
6-8 kişilik,25dk Hazırlık,30dk Pişirme,65bin,248
6-8 kişilik,15dk Hazırlık,25dk Pişirme,62bin,446
6-8 kişilik,5dk Hazırlık,30dk Pişirme,60bin,429
4-6 kişilik,30dk Hazırlık,10dk Pişirme,60bin,350
2-4 kişilik,10dk Hazırlık,30dk Pişirme,58bin,455
6-8 kişilik,2 saat Hazırlık,Pişirme yok,54bin,394
8-10 kişilik,10dk Hazırlık,30dk Pişirme,54bin,372
10-12 kişilik,30dk Hazırlık,30dk Pişirme,54bin,560
10-12 kişilik,20dk Hazırlık,45dk Pişirme,52bin,483
6-8 kişilik,45dk Hazırlık,20dk Pişirme,52bin,337
4-6 kişilik,10dk Hazırlık,10dk Pişirme,51bin,690
4-6 kişilik,15dk Hazırlık,15dk Pişirme,51bin,198
6-8 kişilik,30dk Hazırlık,Pişirme yok,51bin,622
2-4 kişilik,10dk Hazırlık,20dk Pişirme,51bin,2912
4-6 kişilik,10dk Hazırlık,20dk Pişirme,50bin,727
8-10 kişilik,5dk Hazırlık,15dk Pişirme,50bin,498
12-14 kişilik,25dk Hazırlık,35dk Pişirme,49bin,653
6-8 kişilik,15dk Hazırlık,40dk Pişirme,48bin,105
4-6 kişilik,10dk Hazırlık,10dk Pişirme,47bin,85
8-10 kişilik,15dk Hazırlık,30dk Pişirme,47bin,2780
6-8 kişilik,40dk Hazırlık,20dk Pişirme,47bin,237
2-4 kişilik,5dk Hazırlık,15dk Pişirme,47bin,262
4-6 kişilik,30dk Hazırlık,35dk Pişirme,46bin,455
8-10 kişilik,20dk Hazırlık,20dk Pişirme,45bin,722
12-14 kişilik,40dk Hazırlık,30dk Pişirme,44bin,572
4-6 kişilik,25dk Hazırlık,30dk Pişirme,44bin,238
10-12 kişilik,1 saat 30dk Hazırlık,35dk Pişirme,44bin,234
8-10 kişilik,40dk Hazırlık,25dk Pişirme,42bin,877
8-10 kişilik,1 saat Hazırlık,30dk Pişirme,42bin,291
6-8 kişilik,15dk Hazırlık,30dk Pişirme,42bin,205
6-8 kişilik,20dk Hazırlık,30dk Pişirme,40bin,309
4-6 kişilik,15dk Hazırlık,35dk Pişirme,39bin,205
6-8 kişilik,1 saat Hazırlık,20dk Pişirme,39bin,2806
6-8 kişilik,15dk Hazırlık,20dk Pişirme,38bin,151
4-6 kişilik,10dk Hazırlık,15dk Pişirme,38bin,213
12-14 kişilik,10dk Hazırlık,35dk Pişirme,38bin,312
12-14 kişilik,40dk Hazırlık,45dk Pişirme,37bin,209
4-6 kişilik,15dk Hazırlık,20dk Pişirme,37bin,1056
4-6 kişilik,30dk Hazırlık,30dk Pişirme,36bin,595
4-6 kişilik,20dk Hazırlık,20dk Pişirme,36bin,342
12-14 kişilik,20dk Hazırlık,35dk Pişirme,35bin,115
2-4 kişilik,15dk Hazırlık,20dk Pişirme,35bin,457
6-8 kişilik,2 saat Hazırlık,45dk Pişirme,35bin,128
6-8 kişilik,15dk Hazırlık,20dk Pişirme,34bin,213
6-8 kişilik,15dk Hazırlık,25dk Pişirme,34bin,393
10-12 kişilik,40dk Hazırlık,30dk Pişirme,33bin,431
6-8 kişilik,15dk Hazırlık,50dk Pişirme,77bin,1703
6-8 kişilik,20dk Hazırlık,10dk Pişirme,33bin,942
10-12 kişilik,35dk Hazırlık,35dk Pişirme,33bin,727
6-8 kişilik,20dk Hazırlık,20dk Pişirme,32bin,523
8-10 kişilik,1 saat 30dk Hazırlık,Pişirme yok,32bin,312
6-8 kişilik,10dk Hazırlık,15dk Pişirme,29bin,124
4-6 kişilik,1 saat Hazırlık,20dk Pişirme,29bin,153
14-16 kişilik,40dk Hazırlık,25dk Pişirme,28bin,198
1-2 kişilik,5dk Hazırlık,5dk Pişirme,27bin,4551
4-6 kişilik,15dk Hazırlık,15dk Pişirme,28bin,86
4-6 kişilik,15dk Hazırlık,10dk Pişirme,27bin,115
6-8 kişilik,40dk Hazırlık,30dk Pişirme,27bin,306
12-14 kişilik,5dk Hazırlık,25dk Pişirme,27bin,210
10-12 kişilik,1 saat Hazırlık,15dk Pişirme,26bin,500
6-8 kişilik,1 saat Hazırlık,20dk Pişirme,26bin,120
4-6 kişilik,15dk Hazırlık,15dk Pişirme,26bin,116
6-8 kişilik,20dk Hazırlık,Pişirme yok,26bin,166
4-6 kişilik,15dk Hazırlık,20dk Pişirme,26bin,417
6-8 kişilik,20dk Hazırlık,35dk Pişirme,26bin,595
8-10 kişilik,45dk Hazırlık,30dk Pişirme,25bin,144
4-6 kişilik,20dk Hazırlık,30dk Pişirme,25bin,331
8-10 kişilik,20dk Hazırlık,35dk Pişirme,25bin,98
6-8 kişilik,10dk Hazırlık,30dk Pişirme,23bin,265
8-10 kişilik,1 saat 30dk Hazırlık,Pişirme yok,24bin,204
8-10 kişilik,10dk Hazırlık,35dk Pişirme,23bin,801
2-4 kişilik,15dk Hazırlık,10dk Pişirme,23bin,404
4-6 kişilik,10dk Hazırlık,Pişirme yok,22bin,158
8-10 kişilik,50dk Hazırlık,50dk Pişirme,21bin,226
6-8 kişilik,30dk Hazırlık,20dk Pişirme,21bin,335
4-6 kişilik,45dk Hazırlık,Pişirme yok,2bin,31
4-6 kişilik,15dk Hazırlık,10dk Pişirme,21bin,71
1-2 kişilik,5dk Hazırlık,Pişirme yok,21bin,165
4-6 kişilik,20dk Hazırlık,10dk Pişirme,21bin,64
4-6 kişilik,10dk Hazırlık,1 saat 15dk Pişirme,21bin,191
4-6 kişilik,20dk Hazırlık,40dk Pişirme,20bin,133
1-2 kişilik,1 saat Hazırlık,15dk Pişirme,21bin,229
6-8 kişilik,30dk Hazırlık,30dk Pişirme,20bin,129
8-10 kişilik,1 saat 30dk Hazırlık,30dk Pişirme,21bin,1160
10-12 kişilik,20dk Hazırlık,35dk Pişirme,20bin,68
8-10 kişilik,30dk Hazırlık,35dk Pişirme,20bin,178
6-8 kişilik,20dk Hazırlık,15dk Pişirme,20bin,133
4-6 kişilik,10dk Hazırlık,20dk Pişirme,20bin,83
4-6 kişilik,50dk Hazırlık,30dk Pişirme,20bin,121
6-8 kişilik,15dk Hazırlık,20dk Pişirme,19bin,393
2-4 kişilik,10dk Hazırlık,10dk Pişirme,20bin,89
6-8 kişilik,20dk Hazırlık,10dk Pişirme,19bin,727
6-8 kişilik,15dk Hazırlık,20dk Pişirme,19bin,35
4-6 kişilik,40dk Hazırlık,25dk Pişirme,19bin,167
2-4 kişilik,20dk Hazırlık,30dk Pişirme,19bin,297
6-8 kişilik,15dk Hazırlık,20dk Pişirme,19bin,57
6-8 kişilik,30dk Hazırlık,35dk Pişirme,18bin,79
6-8 kişilik,1 saat Hazırlık,35dk Pişirme,18bin,132
4-6 kişilik,45dk Hazırlık,35dk Pişirme,18bin,1669
4-6 kişilik,5dk Hazırlık,45dk Pişirme,17bin,179
6-8 kişilik,15dk Hazırlık,20dk Pişirme,41bin,603
4-6 kişilik,10dk Hazırlık,15dk Pişirme,17bin,34
6-8 kişilik,10dk Hazırlık,40dk Pişirme,17bin,404
6-8 kişilik,15dk Hazırlık,25dk Pişirme,17bin,258
6-8 kişilik,15dk Hazırlık,35dk Pişirme,17bin,307
6-8 kişilik,1 saat 30dk Hazırlık,40dk Pişirme,17bin,153
4-6 kişilik,35dk Hazırlık,35dk Pişirme,17bin,181
4-6 kişilik,25dk Hazırlık,15dk Pişirme,17bin,89
6-8 kişilik,5dk Hazırlık,10dk Pişirme,17bin,25
10-12 kişilik,30dk Hazırlık,30dk Pişirme,17bin,101
8-10 kişilik,1 saat Hazırlık,10dk Pişirme,17bin,560
2-4 kişilik,15dk Hazırlık,20dk Pişirme,17bin,848
6-8 kişilik,10dk Hazırlık,15dk Pişirme,16bin,43
10-12 kişilik,40dk Hazırlık,Pişirme yok,17bin,457
6-8 kişilik,1 saat 15dk Hazırlık,50dk Pişirme,17bin,230
4-6 kişilik,5dk Hazırlık,30dk Pişirme,16bin,95
6-8 kişilik,20dk Hazırlık,10dk Pişirme,16bin,50
4-6 kişilik,5dk Hazırlık,4 saat üzeri Pişirme,16bin,522
4-6 kişilik,30dk Hazırlık,30dk Pişirme,16bin,142
4-6 kişilik,30dk Hazırlık,10dk Pişirme,15bin,78
4-6 kişilik,50dk Hazırlık,20dk Pişirme,15bin,70
12-14 kişilik,25dk Hazırlık,40dk Pişirme,15bin,109
4-6 kişilik,15dk Hazırlık,15dk Pişirme,15bin,250
12-14 kişilik,20dk Hazırlık,25dk Pişirme,15bin,153
4-6 kişilik,20dk Hazırlık,25dk Pişirme,15bin,105
8-10 kişilik,35dk Hazırlık,30dk Pişirme,15bin,405
4-6 kişilik,10dk Hazırlık,20dk Pişirme,14bin,112
4-6 kişilik,10dk Hazırlık,20dk Pişirme,15bin,40
4-6 kişilik,20dk Hazırlık,20dk Pişirme,15bin,193
4-6 kişilik,10dk Hazırlık,20dk Pişirme,15bin,74
4-6 kişilik,15dk Hazırlık,15dk Pişirme,15bin,98
4-6 kişilik,20dk Hazırlık,20dk Pişirme,14bin,168
4-6 kişilik,15dk Hazırlık,25dk Pişirme,14bin,28
6-8 kişilik,10dk Hazırlık,45dk Pişirme,14bin,240
4-6 kişilik,10dk Hazırlık,5dk Pişirme,14bin,147
4-6 kişilik,20dk Hazırlık,15dk Pişirme,14bin,480
4-6 kişilik,1 saat Hazırlık,5dk Pişirme,14bin,146
12-14 kişilik,2 saat 30dk Hazırlık,45dk Pişirme,14bin,154
10-12 kişilik,5dk Hazırlık,20dk Pişirme,13bin,79
4-6 kişilik,10dk Hazırlık,15dk Pişirme,31bin,429
6-8 kişilik,25dk Hazırlık,30dk Pişirme,13bin,213
4-6 kişilik,30dk Hazırlık,20dk Pişirme,13bin,250
4-6 kişilik,15dk Hazırlık,20dk Pişirme,13bin,154
4-6 kişilik,15dk Hazırlık,40dk Pişirme,13bin,77
6-8 kişilik,30dk Hazırlık,35dk Pişirme,13bin,251
6-8 kişilik,25dk Hazırlık,25dk Pişirme,12bin,72
12-14 kişilik,15dk Hazırlık,20dk Pişirme,12bin,55
4-6 kişilik,1 saat Hazırlık,1 saat Pişirme,12bin,59
4-6 kişilik,10dk Hazırlık,25dk Pişirme,28bin,258
10-12 kişilik,20dk Hazırlık,45dk Pişirme,12bin,45
4-6 kişilik,5dk Hazırlık,20dk Pişirme,12bin,483
8-10 kişilik,20dk Hazırlık,30dk Pişirme,12bin,38
6-8 kişilik,20dk Hazırlık,25dk Pişirme,11bin,123
6-8 kişilik,15dk Hazırlık,40dk Pişirme,11bin,1103
8-10 kişilik,25dk Hazırlık,40dk Pişirme,11bin,205
4-6 kişilik,20dk Hazırlık,25dk Pişirme,11bin,172
8-10 kişilik,30dk Hazırlık,30dk Pişirme,12bin,145
10-12 kişilik,40dk Hazırlık,30dk Pişirme,11bin,197
4-6 kişilik,15dk Hazırlık,15dk Pişirme,11bin,669
8-10 kişilik,5dk Hazırlık,25dk Pişirme,11bin,214
4-6 kişilik,20dk Hazırlık,50dk Pişirme,11bin,126
6-8 kişilik,10dk Hazırlık,35dk Pişirme,26bin,1104
4-6 kişilik,20dk Hazırlık,15dk Pişirme,26bin,480
4-6 kişilik,2 saat Hazırlık,20dk Pişirme,11bin,149
4-6 kişilik,5dk Hazırlık,45dk Pişirme,11bin,179
6-8 kişilik,30dk Hazırlık,15dk Pişirme,11bin,35
4-6 kişilik,10dk Hazırlık,5dk Pişirme,11bin,295
6-8 kişilik,15dk Hazırlık,30dk Pişirme,25bin,272
10-12 kişilik,45dk Hazırlık,40dk Pişirme,10bin,80
8-10 kişilik,25dk Hazırlık,10dk Pişirme,10bin,84
1-2 kişilik,10dk Hazırlık,10dk Pişirme,10bin,49
6-8 kişilik,10dk Hazırlık,35dk Pişirme,10bin,26
6-8 kişilik,35dk Hazırlık,5dk Pişirme,2bin,12
8-10 kişilik,20dk Hazırlık,30dk Pişirme,10bin,44
12-14 kişilik,1 saat Hazırlık,35dk Pişirme,10bin,89
10-12 kişilik,10dk Hazırlık,45dk Pişirme,10bin,232
6-8 kişilik,20dk Hazırlık,15dk Pişirme,10bin,54
2-4 kişilik,15dk Hazırlık,20dk Pişirme,23bin,148
12-14 kişilik,1 saat 30dk Hazırlık,15dk Pişirme,23bin,323
6-8 kişilik,5dk Hazırlık,1 saat 30dk Pişirme,80,2
2-4 kişilik,15dk Hazırlık,35dk Pişirme,29,0
2-4 kişilik,25dk Hazırlık,35dk Pişirme,24,0
2-4 kişilik,5dk Hazırlık,40dk Pişirme,150,0
6-8 kişilik,10dk Hazırlık,20dk Pişirme,6,0
1-2 kişilik,15dk Hazırlık,10dk Pişirme,5,0
4-6 kişilik,25dk Hazırlık,25dk Pişirme,472,3
6-8 kişilik,15dk Hazırlık,20dk Pişirme,15,0
6-8 kişilik,10dk Hazırlık,30dk Pişirme,509,2
1-2 kişilik,5dk Hazırlık,15dk Pişirme,418,12
2-4 kişilik,15dk Hazırlık,25dk Pişirme,12,0
2-4 kişilik,10dk Hazırlık,40dk Pişirme,315,0
8-10 kişilik,45dk Hazırlık,1 saat 30dk Pişirme,15,4
4-6 kişilik,35dk Hazırlık,35dk Pişirme,7,0
4-6 kişilik,15dk Hazırlık,15dk Pişirme,15,0
4-6 kişilik,10dk Hazırlık,30dk Pişirme,35,0
8-10 kişilik,30dk Hazırlık,15dk Pişirme,20,0
6-8 kişilik,5dk Hazırlık,30dk Pişirme,63,10
1-2 kişilik,5dk Hazırlık,25dk Pişirme,3bin,9
12-14 kişilik,20dk Hazırlık,45dk Pişirme,8,0
4-6 kişilik,5dk Hazırlık,40dk Pişirme,34,0
2-4 kişilik,15dk Hazırlık,30dk Pişirme,10,0
1-2 kişilik,5dk Hazırlık,10dk Pişirme,35,0
2-4 kişilik,10dk Hazırlık,10dk Pişirme,30,0
2-4 kişilik,10dk Hazırlık,30dk Pişirme,13,0
4-6 kişilik,15dk Hazırlık,15dk Pişirme,140,0
4-6 kişilik,20dk Hazırlık,25dk Pişirme,43,0
2-4 kişilik,10dk Hazırlık,20dk Pişirme,989,5
2-4 kişilik,10dk Hazırlık,30dk Pişirme,34,0
2-4 kişilik,10dk Hazırlık,15dk Pişirme,179,2
2-4 kişilik,20dk Hazırlık,25dk Pişirme,622,0
2-4 kişilik,5dk Hazırlık,20dk Pişirme,27,0
4-6 kişilik,10dk Hazırlık,25dk Pişirme,13,0
8-10 kişilik,40dk Hazırlık,25dk Pişirme,30,0
6-8 kişilik,10dk Hazırlık,Pişirme yok,32,0
2-4 kişilik,15dk Hazırlık,15dk Pişirme,16,0
6-8 kişilik,10dk Hazırlık,15dk Pişirme,25,0
6-8 kişilik,30dk Hazırlık,30dk Pişirme,920,5
4-6 kişilik,20dk Hazırlık,25dk Pişirme,115,0
6-8 kişilik,30dk Hazırlık,40dk Pişirme,304,0
4-6 kişilik,25dk Hazırlık,15dk Pişirme,25,2
4-6 kişilik,15dk Hazırlık,30dk Pişirme,50,0
4-6 kişilik,15dk Hazırlık,15dk Pişirme,8,0
6-8 kişilik,10dk Hazırlık,30dk Pişirme,263,0
4-6 kişilik,10dk Hazırlık,25dk Pişirme,20,0
6-8 kişilik,15dk Hazırlık,15dk Pişirme,1224,5
2-4 kişilik,5dk Hazırlık,25dk Pişirme,12,0
2-4 kişilik,10dk Hazırlık,10dk Pişirme,38,0
2-4 kişilik,10dk Hazırlık,20dk Pişirme,43,0
6-8 kişilik,20dk Hazırlık,25dk Pişirme,13,0
4-6 kişilik,10dk Hazırlık,20dk Pişirme,14,0
4-6 kişilik,15dk Hazırlık,20dk Pişirme,3bin,7
4-6 kişilik,5dk Hazırlık,25dk Pişirme,154,0
4-6 kişilik,25dk Hazırlık,35dk Pişirme,21,0
4-6 kişilik,20dk Hazırlık,30dk Pişirme,82,0
2-4 kişilik,40dk Hazırlık,20dk Pişirme,31,0
2-4 kişilik,5dk Hazırlık,15dk Pişirme,254,0
4-6 kişilik,20dk Hazırlık,1 saat Pişirme,60,5
6-8 kişilik,10dk Hazırlık,15dk Pişirme,272,0
2-4 kişilik,35dk Hazırlık,30dk Pişirme,372,0
6-8 kişilik,25dk Hazırlık,30dk Pişirme,2bin,6
8-10 kişilik,15dk Hazırlık,25dk Pişirme,36,0
6-8 kişilik,15dk Hazırlık,20dk Pişirme,17,0
4-6 kişilik,20dk Hazırlık,15dk Pişirme,1821,3
2-4 kişilik,30dk Hazırlık,45dk Pişirme,12,0
4-6 kişilik,20dk Hazırlık,40dk Pişirme,19,0
4-6 kişilik,10dk Hazırlık,30dk Pişirme,20,0
4-6 kişilik,10dk Hazırlık,45dk Pişirme,26,0
4-6 kişilik,20dk Hazırlık,25dk Pişirme,37,0
2-4 kişilik,15dk Hazırlık,1 saat Pişirme,61,2
2-4 kişilik,45dk Hazırlık,30dk Pişirme,17,0
6-8 kişilik,15dk Hazırlık,20dk Pişirme,696,4
2-4 kişilik,30dk Hazırlık,50dk Pişirme,22,0
4-6 kişilik,30dk Hazırlık,40dk Pişirme,2bin,5
2-4 kişilik,5dk Hazırlık,20dk Pişirme,44,0
2-4 kişilik,15dk Hazırlık,40dk Pişirme,17,0
10-12 kişilik,40dk Hazırlık,30dk Pişirme,40,0
2-4 kişilik,10dk Hazırlık,10dk Pişirme,22,0
2-4 kişilik,10dk Hazırlık,20dk Pişirme,15,0
2-4 kişilik,20dk Hazırlık,5dk Pişirme,6,0
4-6 kişilik,30dk Hazırlık,15dk Pişirme,24,0
6-8 kişilik,5dk Hazırlık,15dk Pişirme,21,0
4-6 kişilik,1 saat Hazırlık,35dk Pişirme,14,0
2-4 kişilik,5dk Hazırlık,1 saat Pişirme,18,0
4-6 kişilik,15dk Hazırlık,20dk Pişirme,19,0
4-6 kişilik,1 saat 30dk Hazırlık,1 saat Pişirme,7,0
1-2 kişilik,30dk Hazırlık,5dk Pişirme,13,0
1-2 kişilik,5dk Hazırlık,25dk Pişirme,13,0
4-6 kişilik,10dk Hazırlık,5dk Pişirme,13,0
8-10 kişilik,10dk Hazırlık,15dk Pişirme,1400,7
6-8 kişilik,10dk Hazırlık,35dk Pişirme,1565,0
2-4 kişilik,30dk Hazırlık,40dk Pişirme,56,0
2-4 kişilik,5dk Hazırlık,15dk Pişirme,48,2
2-4 kişilik,15dk Hazırlık,20dk Pişirme,230,2
2-4 kişilik,15dk Hazırlık,10dk Pişirme,7,0
2-4 kişilik,20dk Hazırlık,45dk Pişirme,237,0
1-2 kişilik,30dk Hazırlık,30dk Pişirme,7,0
4-6 kişilik,35dk Hazırlık,1 saat 30dk Pişirme,35,0
4-6 kişilik,5dk Hazırlık,25dk Pişirme,31,0
2-4 kişilik,10dk Hazırlık,20dk Pişirme,35,0
2-4 kişilik,30dk Hazırlık,40dk Pişirme,18,9
4-6 kişilik,10dk Hazırlık,30dk Pişirme,32,0
2-4 kişilik,10dk Hazırlık,20dk Pişirme,38,0
1-2 kişilik,10dk Hazırlık,25dk Pişirme,32,0
4-6 kişilik,10dk Hazırlık,15dk Pişirme,122,0
4-6 kişilik,20dk Hazırlık,15dk Pişirme,50,0
2-4 kişilik,10dk Hazırlık,25dk Pişirme,24,0
1-2 kişilik,1 saat 30dk Hazırlık,30dk Pişirme,9,0
4-6 kişilik,5dk Hazırlık,25dk Pişirme,930,0
6-8 kişilik,25dk Hazırlık,25dk Pişirme,14,0
6-8 kişilik,15dk Hazırlık,15dk Pişirme,2bin,6
4-6 kişilik,15dk Hazırlık,40dk Pişirme,61,0
4-6 kişilik,35dk Hazırlık,35dk Pişirme,37,0
4-6 kişilik,20dk Hazırlık,20dk Pişirme,12,0
2-4 kişilik,30dk Hazırlık,20dk Pişirme,25,0
4-6 kişilik,15dk Hazırlık,25dk Pişirme,530,0
2-4 kişilik,5dk Hazırlık,35dk Pişirme,6,0
4-6 kişilik,15dk Hazırlık,35dk Pişirme,18,0
4-6 kişilik,15dk Hazırlık,20dk Pişirme,5,0
4-6 kişilik,10dk Hazırlık,15dk Pişirme,14,0
2-4 kişilik,10dk Hazırlık,20dk Pişirme,13,1
2-4 kişilik,5dk Hazırlık,20dk Pişirme,33,0
2-4 kişilik,10dk Hazırlık,30dk Pişirme,34,0
4-6 kişilik,15dk Hazırlık,5dk Pişirme,8,0
2-4 kişilik,5dk Hazırlık,25dk Pişirme,240,0
4-6 kişilik,20dk Hazırlık,25dk Pişirme,306,0
4-6 kişilik,10dk Hazırlık,40dk Pişirme,26,0
4-6 kişilik,10dk Hazırlık,25dk Pişirme,26,0
8-10 kişilik,1 saat 30dk Hazırlık,1 saat Pişirme,145,0
4-6 kişilik,20dk Hazırlık,25dk Pişirme,49,0
2-4 kişilik,10dk Hazırlık,20dk Pişirme,49,0
6-8 kişilik,15dk Hazırlık,55dk Pişirme,35,0
